<!-- based on an Arch Linux setup -->
<icecast>
  <location>Earth</location>
  <admin>icemaster@localhost</admin>
  <limits>
    <clients>100</clients>
    <sources>4</sources>
    <queue-size>524288</queue-size>
    <client-timeout>30</client-timeout>
    <header-timeout>15</header-timeout>
    <source-timeout>10</source-timeout>
    <burst-on-connect>0</burst-on-connect>
    <burst-size>0</burst-size>
  </limits>
  <authentication>
    <source-password>*******</source-password>
    <admin-user>admin</admin-user>
    <admin-password>*******</admin-password>
  </authentication>
  <hostname>localhost</hostname>
  <listen-socket>
    <port>8000</port>
    <bind-address>YOUR-IP-ADDRESS</bind-address>
  </listen-socket>
  <http-headers>
    <header name="Access-Control-Allow-Origin" value="*" />
  </http-headers>
  <mount>
    <mount-name>/iot-lab</mount-name>
    <stream-name>Blinds-4/10</stream-name>
    <max-listeners>10</max-listeners>
    <burst-size>65536</burst-size>
    <public>0</public>
  </mount>
  <fileserve>1</fileserve>
  <paths>
    <basedir>/usr/share/icecast</basedir>
    <logdir>/var/log/icecast</logdir>
    <webroot>/usr/share/icecast/web</webroot>
    <adminroot>/usr/share/icecast/admin</adminroot>
    <alias source="/" destination="/status.xsl" />
  </paths>
  <logging>
    <accesslog>access.log</accesslog>
    <errorlog>error.log</errorlog>
    <loglevel>3</loglevel>
    <logsize>10000</logsize>
  </logging>
  <security>
    <chroot>0</chroot>
  </security>
</icecast>
